RISE	RISE00
RISE	RISE1
RISE	RISE100
RISE	RISE109
RISE	RISE139
RISE	RISE145
RISE	RISE150
RISE	RISE152
RISE	RISE154
RISE	RISE174
RISE	RISE175
RISE	RISE179
RISE	RISE180
RISE	RISE189
RISE	RISE207
RISE	RISE21
RISE	RISE210
RISE	RISE236
RISE	RISE239
RISE	RISE240
RISE	RISE246
RISE	RISE247
RISE	RISE254
RISE	RISE270
RISE	RISE274
RISE	RISE276
RISE	RISE320
RISE	RISE336
RISE	RISE34
RISE	RISE348
RISE	RISE349
RISE	RISE355
RISE	RISE371
RISE	RISE373
RISE	RISE374
RISE	RISE377
RISE	RISE379
RISE	RISE386
RISE	RISE387
RISE	RISE390
RISE	RISE391
RISE	RISE392
RISE	RISE394
RISE	RISE395
RISE	RISE396
RISE	RISE397
RISE	RISE399
RISE	RISE403
RISE	RISE407
RISE	RISE408
RISE	RISE412
RISE	RISE413
RISE	RISE416
RISE	RISE42
RISE	RISE423
RISE	RISE431
RISE	RISE434
RISE	RISE435
RISE	RISE436
RISE	RISE440
RISE	RISE446
RISE	RISE47
RISE	RISE470
RISE	RISE471
RISE	RISE473
RISE	RISE478
RISE	RISE479
RISE	RISE480
RISE	RISE482
RISE	RISE483
RISE	RISE484
RISE	RISE486
RISE	RISE487
RISE	RISE489
RISE	RISE492
RISE	RISE493
RISE	RISE494
RISE	RISE495
RISE	RISE496
RISE	RISE497
RISE	RISE498
RISE	RISE499
RISE	RISE500
RISE	RISE501
RISE	RISE502
RISE	RISE503
RISE	RISE504
RISE	RISE505
RISE	RISE507
RISE	RISE508
RISE	RISE509
RISE	RISE510
RISE	RISE511
RISE	RISE512
RISE	RISE521
RISE	RISE523
RISE	RISE524
RISE	RISE525
RISE	RISE526
RISE	RISE533
RISE	RISE540
RISE	RISE543
RISE	RISE546
RISE	RISE547
RISE	RISE548
RISE	RISE549
RISE	RISE550
RISE	RISE551
RISE	RISE552
RISE	RISE553
RISE	RISE554
RISE	RISE555
RISE	RISE556
RISE	RISE557
RISE	RISE558
RISE	RISE559
RISE	RISE560
RISE	RISE561
RISE	RISE562
RISE	RISE563
RISE	RISE564
RISE	RISE565
RISE	RISE566
RISE	RISE567
RISE	RISE568
RISE	RISE569
RISE	RISE570
RISE	RISE571
RISE	RISE572
RISE	RISE573
RISE	RISE574
RISE	RISE575
RISE	RISE576
RISE	RISE577
RISE	RISE578
RISE	RISE579
RISE	RISE580
RISE	RISE581
RISE	RISE582
RISE	RISE583
RISE	RISE584
RISE	RISE585
RISE	RISE586
RISE	RISE587
RISE	RISE588
RISE	RISE589
RISE	RISE590
RISE	RISE591
RISE	RISE592
RISE	RISE593
RISE	RISE594
RISE	RISE595
RISE	RISE596
RISE	RISE597
RISE	RISE598
RISE	RISE599
RISE	RISE600
RISE	RISE601
RISE	RISE602
RISE	RISE603
RISE	RISE61
RISE	RISE71
RISE	RISE94
RISE	RISE97
RISE	RISE98
RISE	RISE99
NEO	NEO1
NEO	NEO100
NEO	NEO102
NEO	NEO110
NEO	NEO113
NEO	NEO115
NEO	NEO116
NEO	NEO117
NEO	NEO119
NEO	NEO120
NEO	NEO121
NEO	NEO122
NEO	NEO123
NEO	NEO128
NEO	NEO13
NEO	NEO130
NEO	NEO137
NEO	NEO140
NEO	NEO142
NEO	NEO143
NEO	NEO145
NEO	NEO147
NEO	NEO148
NEO	NEO149
NEO	NEO158
NEO	NEO160
NEO	NEO162
NEO	NEO163
NEO	NEO164
NEO	NEO166
NEO	NEO167
NEO	NEO168
NEO	NEO17
NEO	NEO170
NEO	NEO171
NEO	NEO172
NEO	NEO173
NEO	NEO174
NEO	NEO175
NEO	NEO178
NEO	NEO179
NEO	NEO18
NEO	NEO180
NEO	NEO181
NEO	NEO182
NEO	NEO183
NEO	NEO184
NEO	NEO185
NEO	NEO186
NEO	NEO187
NEO	NEO188
NEO	NEO189
NEO	NEO19
NEO	NEO192
NEO	NEO193
NEO	NEO194
NEO	NEO195
NEO	NEO197
NEO	NEO199
NEO	NEO200
NEO	NEO201
NEO	NEO202
NEO	NEO204
NEO	NEO207
NEO	NEO209
NEO	NEO210
NEO	NEO212
NEO	NEO220
NEO	NEO221
NEO	NEO223
NEO	NEO224
NEO	NEO225
NEO	NEO226
NEO	NEO227
NEO	NEO228
NEO	NEO23
NEO	NEO25
NEO	NEO254
NEO	NEO259
NEO	NEO260
NEO	NEO261
NEO	NEO262
NEO	NEO265
NEO	NEO268
NEO	NEO27
NEO	NEO270
NEO	NEO278
NEO	NEO28
NEO	NEO281
NEO	NEO283
NEO	NEO29
NEO	NEO292
NEO	NEO3
NEO	NEO300
NEO	NEO302
NEO	NEO304
NEO	NEO305
NEO	NEO306
NEO	NEO307
NEO	NEO309
NEO	NEO310
NEO	NEO33
NEO	NEO36
NEO	NEO38
NEO	NEO39
NEO	NEO41
NEO	NEO43
NEO	NEO44
NEO	NEO46
NEO	NEO492
NEO	NEO494
NEO	NEO496
NEO	NEO497
NEO	NEO498
NEO	NEO501
NEO	NEO502
NEO	NEO503
NEO	NEO507
NEO	NEO508
NEO	NEO509
NEO	NEO51
NEO	NEO514
NEO	NEO516
NEO	NEO518
NEO	NEO52
NEO	NEO521
NEO	NEO522
NEO	NEO524
NEO	NEO527
NEO	NEO528
NEO	NEO529
NEO	NEO536
NEO	NEO537
NEO	NEO538
NEO	NEO539
NEO	NEO545
NEO	NEO549
NEO	NEO550
NEO	NEO551
NEO	NEO552
NEO	NEO553
NEO	NEO554
NEO	NEO555
NEO	NEO556
NEO	NEO557
NEO	NEO558
NEO	NEO559
NEO	NEO560
NEO	NEO561
NEO	NEO563
NEO	NEO564
NEO	NEO566
NEO	NEO568
NEO	NEO569
NEO	NEO57
NEO	NEO570
NEO	NEO571
NEO	NEO580
NEO	NEO583
NEO	NEO586
NEO	NEO587
NEO	NEO589
NEO	NEO590
NEO	NEO594
NEO	NEO595
NEO	NEO597
NEO	NEO598
NEO	NEO599
NEO	NEO60
NEO	NEO600
NEO	NEO601
NEO	NEO602
NEO	NEO603
NEO	NEO609
NEO	NEO61
NEO	NEO62
NEO	NEO624
NEO	NEO625
NEO	NEO626
NEO	NEO627
NEO	NEO63
NEO	NEO630
NEO	NEO631
NEO	NEO632
NEO	NEO64
NEO	NEO640
NEO	NEO641
NEO	NEO645
NEO	NEO646
NEO	NEO648
NEO	NEO649
NEO	NEO65
NEO	NEO650
NEO	NEO653
NEO	NEO655
NEO	NEO657
NEO	NEO658
NEO	NEO669
NEO	NEO67
NEO	NEO671
NEO	NEO672
NEO	NEO674
NEO	NEO677
NEO	NEO679
NEO	NEO68
NEO	NEO683
NEO	NEO687
NEO	NEO694
NEO	NEO695
NEO	NEO7
NEO	NEO70
NEO	NEO702
NEO	NEO717
NEO	NEO72
NEO	NEO721
NEO	NEO73
NEO	NEO732
NEO	NEO733
NEO	NEO735
NEO	NEO737
NEO	NEO738
NEO	NEO739
NEO	NEO744
NEO	NEO745
NEO	NEO746
NEO	NEO747
NEO	NEO748
NEO	NEO749
NEO	NEO75
NEO	NEO751
NEO	NEO752
NEO	NEO753
NEO	NEO757
NEO	NEO759
NEO	NEO76
NEO	NEO77
NEO	NEO78
NEO	NEO79
NEO	NEO790
NEO	NEO791
NEO	NEO792
NEO	NEO795
NEO	NEO80
NEO	NEO806
NEO	NEO81
NEO	NEO812
NEO	NEO813
NEO	NEO814
NEO	NEO815
NEO	NEO816
NEO	NEO817
NEO	NEO819
NEO	NEO822
NEO	NEO823
NEO	NEO828
NEO	NEO83
NEO	NEO830
NEO	NEO834
NEO	NEO841
NEO	NEO843
NEO	NEO847
NEO	NEO852
NEO	NEO853
NEO	NEO855
NEO	NEO856
NEO	NEO857
NEO	NEO860
NEO	NEO861
NEO	NEO865
NEO	NEO866
NEO	NEO87
NEO	NEO870
NEO	NEO872
NEO	NEO875
NEO	NEO876
NEO	NEO878
NEO	NEO88
NEO	NEO886
NEO	NEO888
NEO	NEO891
NEO	NEO896
NEO	NEO898
NEO	NEO899
NEO	NEO900
NEO	NEO901
NEO	NEO902
NEO	NEO904
NEO	NEO907
NEO	NEO91
NEO	NEO910
NEO	NEO911
NEO	NEO912
NEO	NEO915
NEO	NEO916
NEO	NEO917
NEO	NEO918
NEO	NEO92
NEO	NEO921
NEO	NEO922
NEO	NEO923
NEO	NEO925
NEO	NEO93
NEO	NEO930
NEO	NEO932
NEO	NEO933
NEO	NEO934
NEO	NEO935
NEO	NEO938
NEO	NEO941
NEO	NEO942
NEO	NEO943
NEO	NEO945
NEO	NEO946
NEO	NEO951
NEO	NEO957
NEO	NEO960
NEO	NEO961
NEO	NEO962
VK	VK1
VK	VK10
VK	VK100
VK	VK101
VK	VK102
VK	VK103
VK	VK104
VK	VK105
VK	VK106
VK	VK107
VK	VK108
VK	VK109
VK	VK11
VK	VK110
VK	VK111
VK	VK112
VK	VK113
VK	VK114
VK	VK115
VK	VK116
VK	VK117
VK	VK118
VK	VK119
VK	VK12
VK	VK120
VK	VK121
VK	VK122
VK	VK123
VK	VK124
VK	VK125
VK	VK126
VK	VK127
VK	VK128
VK	VK129
VK	VK13
VK	VK130
VK	VK131
VK	VK132
VK	VK133
VK	VK134
VK	VK135
VK	VK136
VK	VK137
VK	VK138
VK	VK139
VK	VK14
VK	VK140
VK	VK141
VK	VK142
VK	VK143
VK	VK144
VK	VK145
VK	VK146
VK	VK147
VK	VK148
VK	VK149
VK	VK15
VK	VK150
VK	VK151
VK	VK152
VK	VK153
VK	VK154
VK	VK155
VK	VK156
VK	VK157
VK	VK158
VK	VK159
VK	VK16
VK	VK160
VK	VK161
VK	VK162
VK	VK163
VK	VK164
VK	VK165
VK	VK166
VK	VK167
VK	VK168
VK	VK169
VK	VK17
VK	VK170
VK	VK171
VK	VK172
VK	VK173
VK	VK174
VK	VK175
VK	VK176
VK	VK177
VK	VK178
VK	VK179
VK	VK18
VK	VK180
VK	VK181
VK	VK182
VK	VK183
VK	VK184
VK	VK185
VK	VK186
VK	VK187
VK	VK188
VK	VK189
VK	VK19
VK	VK190
VK	VK191
VK	VK192
VK	VK193
VK	VK194
VK	VK195
VK	VK196
VK	VK197
VK	VK198
VK	VK199
VK	VK2
VK	VK20
VK	VK200
VK	VK201
VK	VK202
VK	VK203
VK	VK204
VK	VK205
VK	VK206
VK	VK207
VK	VK208
VK	VK209
VK	VK21
VK	VK210
VK	VK211
VK	VK212
VK	VK213
VK	VK214
VK	VK215
VK	VK216
VK	VK217
VK	VK218
VK	VK219
VK	VK22
VK	VK220
VK	VK221
VK	VK222
VK	VK223
VK	VK224
VK	VK225
VK	VK226
VK	VK227
VK	VK228
VK	VK229
VK	VK23
VK	VK230
VK	VK231
VK	VK232
VK	VK233
VK	VK234
VK	VK235
VK	VK236
VK	VK237
VK	VK238
VK	VK239
VK	VK24
VK	VK240
VK	VK241
VK	VK242
VK	VK243
VK	VK244
VK	VK245
VK	VK246
VK	VK247
VK	VK248
VK	VK249
VK	VK25
VK	VK250
VK	VK251
VK	VK252
VK	VK253
VK	VK254
VK	VK255
VK	VK256
VK	VK257
VK	VK258
VK	VK259
VK	VK26
VK	VK260
VK	VK261
VK	VK262
VK	VK263
VK	VK264
VK	VK265
VK	VK266
VK	VK267
VK	VK268
VK	VK269
VK	VK27
VK	VK270
VK	VK271
VK	VK272
VK	VK273
VK	VK274
VK	VK275
VK	VK276
VK	VK277
VK	VK278
VK	VK279
VK	VK28
VK	VK280
VK	VK281
VK	VK282
VK	VK283
VK	VK284
VK	VK285
VK	VK286
VK	VK287
VK	VK288
VK	VK289
VK	VK29
VK	VK290
VK	VK291
VK	VK292
VK	VK293
VK	VK294
VK	VK295
VK	VK296
VK	VK297
VK	VK298
VK	VK299
VK	VK3
VK	VK30
VK	VK300
VK	VK301
VK	VK302
VK	VK303
VK	VK304
VK	VK305
VK	VK306
VK	VK307
VK	VK308
VK	VK309
VK	VK31
VK	VK310
VK	VK311
VK	VK312
VK	VK313
VK	VK314
VK	VK315
VK	VK316
VK	VK317
VK	VK318
VK	VK319
VK	VK32
VK	VK320
VK	VK321
VK	VK322
VK	VK323
VK	VK324
VK	VK325
VK	VK326
VK	VK327
VK	VK328
VK	VK329
VK	VK33
VK	VK330
VK	VK331
VK	VK332
VK	VK333
VK	VK334
VK	VK335
VK	VK336
VK	VK337
VK	VK338
VK	VK339
VK	VK34
VK	VK340
VK	VK341
VK	VK342
VK	VK343
VK	VK344
VK	VK345
VK	VK346
VK	VK347
VK	VK348
VK	VK349
VK	VK35
VK	VK350
VK	VK351
VK	VK352
VK	VK353
VK	VK354
VK	VK355
VK	VK356
VK	VK357
VK	VK358
VK	VK359
VK	VK36
VK	VK360
VK	VK361
VK	VK362
VK	VK363
VK	VK364
VK	VK365
VK	VK366
VK	VK367
VK	VK368
VK	VK369
VK	VK37
VK	VK370
VK	VK371
VK	VK372
VK	VK373
VK	VK374
VK	VK375
VK	VK376
VK	VK377
VK	VK378
VK	VK379
VK	VK38
VK	VK380
VK	VK381
VK	VK382
VK	VK383
VK	VK384
VK	VK385
VK	VK386
VK	VK387
VK	VK388
VK	VK389
VK	VK39
VK	VK390
VK	VK391
VK	VK392
VK	VK393
VK	VK394
VK	VK395
VK	VK396
VK	VK397
VK	VK398
VK	VK399
VK	VK4
VK	VK40
VK	VK400
VK	VK401
VK	VK402
VK	VK403
VK	VK404
VK	VK405
VK	VK406
VK	VK407
VK	VK408
VK	VK409
VK	VK41
VK	VK410
VK	VK411
VK	VK412
VK	VK413
VK	VK414
VK	VK415
VK	VK416
VK	VK417
VK	VK418
VK	VK419
VK	VK42
VK	VK420
VK	VK421
VK	VK422
VK	VK423
VK	VK424
VK	VK425
VK	VK426
VK	VK427
VK	VK428
VK	VK429
VK	VK43
VK	VK430
VK	VK431
VK	VK432
VK	VK433
VK	VK434
VK	VK435
VK	VK436
VK	VK437
VK	VK438
VK	VK439
VK	VK44
VK	VK440
VK	VK441
VK	VK442
VK	VK443
VK	VK444
VK	VK445
VK	VK446
VK	VK447
VK	VK448
VK	VK449
VK	VK45
VK	VK450
VK	VK451
VK	VK452
VK	VK453
VK	VK454
VK	VK455
VK	VK456
VK	VK457
VK	VK458
VK	VK459
VK	VK46
VK	VK460
VK	VK461
VK	VK462
VK	VK463
VK	VK464
VK	VK465
VK	VK466
VK	VK467
VK	VK468
VK	VK469
VK	VK47
VK	VK470
VK	VK471
VK	VK472
VK	VK473
VK	VK474
VK	VK475
VK	VK476
VK	VK477
VK	VK478
VK	VK479
VK	VK48
VK	VK480
VK	VK481
VK	VK482
VK	VK483
VK	VK484
VK	VK485
VK	VK486
VK	VK487
VK	VK488
VK	VK489
VK	VK49
VK	VK490
VK	VK491
VK	VK492
VK	VK493
VK	VK494
VK	VK495
VK	VK496
VK	VK497
VK	VK498
VK	VK499
VK	VK5
VK	VK50
VK	VK500
VK	VK501
VK	VK502
VK	VK503
VK	VK504
VK	VK505
VK	VK506
VK	VK507
VK	VK508
VK	VK509
VK	VK51
VK	VK510
VK	VK511
VK	VK512
VK	VK513
VK	VK514
VK	VK515
VK	VK516
VK	VK517
VK	VK518
VK	VK519
VK	VK52
VK	VK520
VK	VK521
VK	VK522
VK	VK523
VK	VK524
VK	VK525
VK	VK526
VK	VK527
VK	VK528
VK	VK529
VK	VK53
VK	VK530
VK	VK531
VK	VK532
VK	VK533
VK	VK534
VK	VK535
VK	VK536
VK	VK537
VK	VK538
VK	VK539
VK	VK54
VK	VK540
VK	VK541
VK	VK542
VK	VK543
VK	VK544
VK	VK545
VK	VK546
VK	VK547
VK	VK548
VK	VK549
VK	VK55
VK	VK550
VK	VK551
VK	VK552
VK	VK553
VK	VK554
VK	VK555
VK	VK56
VK	VK57
VK	VK58
VK	VK59
VK	VK6
VK	VK60
VK	VK61
VK	VK62
VK	VK63
VK	VK64
VK	VK65
VK	VK66
VK	VK67
VK	VK68
VK	VK69
VK	VK7
VK	VK70
VK	VK71
VK	VK72
VK	VK73
VK	VK74
VK	VK75
VK	VK76
VK	VK77
VK	VK78
VK	VK79
VK	VK8
VK	VK80
VK	VK81
VK	VK82
VK	VK83
VK	VK84
VK	VK85
VK	VK86
VK	VK87
VK	VK88
VK	VK89
VK	VK9
VK	VK90
VK	VK91
VK	VK92
VK	VK93
VK	VK94
VK	VK95
VK	VK96
VK	VK97
VK	VK98
VK	VK99
BOTAI	BOT14
BOTAI	BOT15
BOTAI	BOT2016
BOTAI	DA245
BOTAI	DA246
BOTAI	DA247
BOTAI	DA248
BOTAI	DA249
BOTAI	DA250
BOTAI	DA251
BOTAI	DA252
BOTAI	DA253
BOTAI	DA334
BOTAI	DA335
BOTAI	DA336
BOTAI	DA337
BOTAI	DA338
BOTAI	DA339
BOTAI	DA340
BOTAI	DA341
BOTAI	DA342
BOTAI	DA343
BOTAI	DA344
BOTAI	DA345
BOTAI	DA353
BOTAI	DA354
BOTAI	DA355
BOTAI	DA356
BOTAI	DA357
BOTAI	DA358
BOTAI	DA359
BOTAI	DA360
BOTAI	DA361
BOTAI	DA362
BOTAI	DA379
BOTAI	DA380
BOTAI	DA381
BOTAI	DA382
BOTAI	DA383
BOTAI	EBA1
BOTAI	EBA2
BOTAI	MA2195
BOTAI	MA2196
BOTAI	MA2197
BOTAI	MA2198
BOTAI	MA2200
BOTAI	MA2203
BOTAI	MA2205
BOTAI	MA2206
BOTAI	MA2208
BOTAI	MA2210
BOTAI	MA2212
BOTAI	MA2213
BOTAI	RISE515
BOTAI	RISE516
BOTAI	RISE662
BOTAI	RISE664
BOTAI	RISE667
BOTAI	RISE670
BOTAI	RISE671
BOTAI	RISE672
BOTAI	RISE673
BOTAI	RISE674
BOTAI	RISE675
BOTAI	RISE677
BOTAI	RISE680
BOTAI	RISE681
BOTAI	RISE683
BOTAI	RISE684
BOTAI	RISE685
BOTAI	RISE718
BOTAI	RISE719
BOTAI	Sidelkino
BOTAI	Yamnaya